param,value
A,-10.199615159709873
Ueff_K,793.2889984000719
R,-5.975848062310298
n,4.582186768550304
Q,0.860356012730587
RMSE_log10rate,0.0058360996266774556
R2,0.9999743787276391
