param,value
A,-11.537937722822413
Ueff_K,956.6247297066234
R,-5.432739623413477
n,4.320106299930223
Q,-0.1202956745193843
RMSE_log10rate,0.0146391736829104
R2,0.999883199545598
