param,value,sd
A,-11.537937380554308,0.052523855386494074
Ueff_K,956.6246876651495,6.2112422792566155
R,-5.432738720961883,0.12625112544949854
n,4.32010568733762,0.08425683962823206
Q,-0.12029561430702676,0.012354026846896604
RMSE_log10rate,0.014639173682979638,
R2,0.9998831995455969,
