param,value
A,-11.91596939750684
Ueff_K,1811.8884638971952
R,-5.857727062844627
n,3.6992466696830735
Q,8.72195781299903
RMSE_log10rate,0.006566306844409567
R2,0.9999762441026354
