param,value
A,-8.136745912498478
Ueff_K,842.634022641819
R,-3.0656142371422788
n,3.3323157182072642
Q,-0.8674978645371735
RMSE_log10rate,0.042174058095884266
R2,0.9990552487460993
