param,value
A,-11.537938241219702
Ueff_K,956.6247933615898
R,-5.432741018066928
n,4.320107244859063
Q,-0.12029577025666016
RMSE_log10rate,0.014639173682877565
R2,0.9998831995455986
